<?xml version="1.0"?>
<!--<!DOCTYPE metadata SYSTEM "http://www.esri.com/metadata/esriprof80.dtd">-->
<metadata xml:lang="en"><Esri><CreaDate>20190402</CreaDate><CreaTime>15094900</CreaTime><SyncOnce>FALSE</SyncOnce><DataProperties><lineage><Process Name="ProjectRaster_1" ToolSource="C:\Program Files\ArcGIS92\ArcGIS\ArcToolbox\Toolboxes\Data Management Tools.tbx\ProjectRaster" Date="20070827" Time="155708">ProjectRaster C:\ADRZYZGA\courses\geo363\labs\lab04rushfordMN\rushfordDEM\29257896 C:\ADRZYZGA\courses\geo363\labs\lab04rushfordMN\rushfordDEM.img "PROJCS['NAD_1983_StatePlane_Minnesota_South_FIPS_2203',GEOGCS['GCS_North_American_1983',DATUM['D_North_American_1983',SPHEROID['GRS_1980',6378137.0,298.257222101]],PRIMEM['Greenwich',0.0],UNIT['Degree',0.0174532925199433]],PROJECTION['Lambert_Conformal_Conic'],PARAMETER['False_Easting',800000.0],PARAMETER['False_Northing',100000.0],PARAMETER['Central_Meridian',-94.0],PARAMETER['Standard_Parallel_1',43.78333333333333],PARAMETER['Standard_Parallel_2',45.21666666666667],PARAMETER['Latitude_Of_Origin',43.0],UNIT['Meter',1.0]];-35696300 -29729200 10000;-100000 10000;-100000 10000;0.001;0.001;0.001;IsHighPrecision" CUBIC 20 # # "GEOGCS['GCS_North_American_1983',DATUM['D_North_American_1983',SPHEROID['GRS_1980',6378137.0,298.257222101]],PRIMEM['Greenwich',0.0],UNIT['Degree',0.0174532925199433]],VERTCS['Unknown VCS from ArcInfo Workstation',VDATUM['Unknown'],PARAMETER['Vertical_Shift',0.0],PARAMETER['Direction',1.0],UNIT['Meter',1.0]];-400 -400 11258999068426.2;#;#;8.98315284119521E-09;#;#;IsHighPrecision"</Process></lineage><itemProps><itemLocation><linkage Sync="TRUE">file://\\UMASS-J5J3QQ2\C$\Users\James_Heiss\OneDrive - University of Massachusetts Lowell - UMass Lowell\Teaching\ENVI3010_S19 GIS in Earth and Environmental Science\Labs\Lab 1-4\Lab03terrain_analysis_prep\rushfordDEM.img</linkage><protocol Sync="TRUE">Local Area Network</protocol></itemLocation></itemProps><copyHistory><copy source="C:\Users\James_Heiss\OneDrive - University of Massachusetts Lowell - UMass Lowell\Teaching\Others\GIS Ship\GIS II\Lab 4 terrain analysis\rushfordDEM.img" dest="\\UMASS-J5J3QQ2\C$\Users\James_Heiss\OneDrive - University of Massachusetts Lowell - UMass Lowell\Teaching\ENVI3010_S19 GIS in Earth and Environmental Science\Labs\Lab 1-4\Lab03terrain_analysis_prep\rushfordDEM.img" date="20190402" time="15094900"></copy></copyHistory></DataProperties><SyncDate>20070930</SyncDate><SyncTime>08105700</SyncTime><ModDate>20070930</ModDate><ModTime>08105700</ModTime></Esri><idinfo><native Sync="TRUE">Microsoft Windows XP Version 5.1 (Build 2600) Service Pack 2; ESRI ArcCatalog 9.2.2.1350</native><descript><langdata Sync="TRUE">en</langdata><abstract>REQUIRED: A brief narrative summary of the data set.</abstract><purpose>REQUIRED: A summary of the intentions with which the data set was developed.</purpose></descript><citation><citeinfo><origin>REQUIRED: The name of an organization or individual that developed the data set.</origin><pubdate>REQUIRED: The date when the data set is published or otherwise made available for release.</pubdate><title Sync="TRUE">rushfordDEM.img</title><ftname Sync="TRUE">rushfordDEM.img</ftname><onlink Sync="TRUE">\\SHIPSRH20801\C$\ADRZYZGA\courses\geo363\labs\lab04rushfordMN\rushfordDEM.img</onlink><geoform Sync="TRUE">remote-sensing image</geoform></citeinfo></citation><timeperd><current>REQUIRED: The basis on which the time period of content information is determined.</current><timeinfo><sngdate><caldate>REQUIRED: The year (and optionally month, or month and day) for which the data set corresponds to the ground.</caldate></sngdate></timeinfo></timeperd><status><progress>REQUIRED: The state of the data set.</progress><update>REQUIRED: The frequency with which changes and additions are made to the data set after the initial data set is completed.</update></status><spdom><bounding><westbc Sync="TRUE">-92.020183</westbc><eastbc Sync="TRUE">-91.481233</eastbc><northbc Sync="TRUE">44.003616</northbc><southbc Sync="TRUE">43.613320</southbc></bounding><lboundng><leftbc Sync="TRUE">959784.167460</leftbc><rightbc Sync="TRUE">1002004.167460</rightbc><bottombc Sync="TRUE">171241.304451</bottombc><topbc Sync="TRUE">213461.304451</topbc></lboundng></spdom><keywords><theme><themekt>REQUIRED: Reference to a formally registered thesaurus or a similar authoritative source of theme keywords.</themekt><themekey>REQUIRED: Common-use word or phrase used to describe the subject of the data set.</themekey></theme></keywords><accconst>REQUIRED: Restrictions and legal prerequisites for accessing the data set.</accconst><useconst>REQUIRED: Restrictions and legal prerequisites for using the data set after access is granted.</useconst><natvform Sync="TRUE">Raster Dataset</natvform></idinfo><dataIdInfo><envirDesc Sync="TRUE">Microsoft Windows XP Version 5.1 (Build 2600) Service Pack 2; ESRI ArcCatalog 9.2.2.1350</envirDesc><dataLang><languageCode Sync="TRUE" value="en"></languageCode></dataLang><idCitation><resTitle Sync="TRUE">rushfordDEM.img</resTitle><presForm><PresFormCd Sync="TRUE" value="005"></PresFormCd></presForm></idCitation><spatRpType><SpatRepTypCd Sync="TRUE" value="002"></SpatRepTypCd></spatRpType><dataExt><geoEle><GeoBndBox esriExtentType="native"><westBL Sync="TRUE">959784.16746</westBL><eastBL Sync="TRUE">1002004.16746</eastBL><northBL Sync="TRUE">213461.304451</northBL><southBL Sync="TRUE">171241.304451</southBL><exTypeCode Sync="TRUE">1</exTypeCode></GeoBndBox></geoEle></dataExt><geoBox esriExtentType="decdegrees"><westBL Sync="TRUE">-92.020183</westBL><eastBL Sync="TRUE">-91.481233</eastBL><northBL Sync="TRUE">44.003616</northBL><southBL Sync="TRUE">43.61332</southBL><exTypeCode Sync="TRUE">1</exTypeCode></geoBox></dataIdInfo><metainfo><langmeta Sync="TRUE">en</langmeta><metstdn Sync="TRUE">FGDC Content Standards for Digital Geospatial Metadata</metstdn><metstdv Sync="TRUE">FGDC-STD-001-1998</metstdv><mettc Sync="TRUE">local time</mettc><metc><cntinfo><cntorgp><cntper>REQUIRED: The person responsible for the metadata information.</cntper><cntorg>REQUIRED: The organization responsible for the metadata information.</cntorg></cntorgp><cntaddr><addrtype>REQUIRED: The mailing and/or physical address for the organization or individual.</addrtype><city>REQUIRED: The city of the address.</city><state>REQUIRED: The state or province of the address.</state><postal>REQUIRED: The ZIP or other postal code of the address.</postal></cntaddr><cntvoice>REQUIRED: The telephone number by which individuals can speak to the organization or individual.</cntvoice></cntinfo></metc><metd Sync="TRUE">20070930</metd><metextns><onlink Sync="TRUE">http://www.esri.com/metadata/esriprof80.html</onlink><metprof Sync="TRUE">ESRI Metadata Profile</metprof></metextns></metainfo><mdLang><languageCode Sync="TRUE" value="en"></languageCode></mdLang><mdStanName Sync="TRUE">ISO 19115 Geographic Information - Metadata</mdStanName><mdStanVer Sync="TRUE">DIS_ESRI1.0</mdStanVer><mdChar><CharSetCd Sync="TRUE" value="004"></CharSetCd></mdChar><mdHrLv><ScopeCd Sync="TRUE" value="005"></ScopeCd></mdHrLv><mdHrLvName Sync="TRUE">dataset</mdHrLvName><distInfo><distributor><distorTran><onLineSrc><linkage Sync="TRUE">file://\\SHIPSRH20801\C$\ADRZYZGA\courses\geo363\labs\lab04rushfordMN\rushfordDEM.img</linkage><protocol Sync="TRUE">Local Area Network</protocol><orDesc Sync="TRUE">002</orDesc></onLineSrc><transSize Sync="TRUE">0.000</transSize></distorTran><distorFormat><formatName Sync="TRUE">Raster Dataset</formatName></distorFormat></distributor></distInfo><distinfo><resdesc Sync="TRUE">Downloadable Data</resdesc><stdorder><digform><digtinfo><transize Sync="TRUE">0.000</transize><dssize Sync="TRUE">0.000</dssize></digtinfo></digform></stdorder></distinfo><spdoinfo><direct Sync="TRUE">Raster</direct><rastinfo><rasttype Sync="TRUE">Pixel</rasttype><rowcount Sync="TRUE">2111</rowcount><colcount Sync="TRUE">2111</colcount><rastxsz Sync="TRUE">20.000000</rastxsz><rastysz Sync="TRUE">20.000000</rastysz><rastbpp Sync="TRUE">32</rastbpp><vrtcount Sync="TRUE">1</vrtcount><rastorig Sync="TRUE">Upper Left</rastorig><rastcmap Sync="TRUE">FALSE</rastcmap><rastcomp Sync="TRUE">Run-Length Encoding (ESRI)</rastcomp><rastband Sync="TRUE">1</rastband><rastdtyp Sync="TRUE">pixel RGB</rastdtyp><rastplyr Sync="TRUE">FALSE</rastplyr><rastifor Sync="TRUE"></rastifor></rastinfo></spdoinfo><spref><horizsys><cordsysn><geogcsn Sync="TRUE">GCS_North_American_1983</geogcsn><projcsn Sync="TRUE">NAD_1983_StatePlane_Minnesota_South_FIPS_2203</projcsn></cordsysn><planar><planci><plance Sync="TRUE">row and column</plance><plandu Sync="TRUE">meters</plandu><coordrep><absres Sync="TRUE">20.000000</absres><ordres Sync="TRUE">20.000000</ordres></coordrep></planci><gridsys><gridsysn Sync="TRUE">State Plane Coordinate System 1983</gridsysn><spcs><spcszone Sync="TRUE">2203</spcszone><lambertc><stdparll Sync="TRUE">43.783333</stdparll><stdparll Sync="TRUE">45.216667</stdparll><longcm Sync="TRUE">-94.000000</longcm><latprjo Sync="TRUE">43.000000</latprjo><feast Sync="TRUE">800000.000000</feast><fnorth Sync="TRUE">100000.000000</fnorth></lambertc></spcs></gridsys></planar><geodetic><horizdn Sync="TRUE">North American Datum of 1983</horizdn><ellips Sync="TRUE">Geodetic Reference System 80</ellips><semiaxis Sync="TRUE">6378137.000000</semiaxis><denflat Sync="TRUE">298.257222</denflat></geodetic></horizsys></spref><refSysInfo><RefSystem><refSysID><identCode Sync="TRUE">NAD_1983_StatePlane_Minnesota_South_FIPS_2203</identCode></refSysID></RefSystem></refSysInfo><spatRepInfo><GridSpatRep><numDims Sync="TRUE">2</numDims><cellGeo><CellGeoCd Sync="TRUE" value="002"></CellGeoCd></cellGeo><tranParaAv Sync="TRUE">1</tranParaAv><axDimProps><Dimen><dimName><DimNameTypCd Sync="TRUE" value="002"></DimNameTypCd></dimName><dimSize Sync="TRUE">2111</dimSize><dimResol><value Sync="TRUE">20</value><uom><UomLength><uomName Sync="TRUE">Meter</uomName><conversionToISOstandardUnit Sync="TRUE">1 Meter = 1 Meter(s)</conversionToISOstandardUnit></UomLength></uom></dimResol></Dimen><Dimen><dimName><DimNameTypCd Sync="TRUE" value="001"></DimNameTypCd></dimName><dimSize Sync="TRUE">2111</dimSize><dimResol><value Sync="TRUE">20</value><uom><UomLength><uomName Sync="TRUE">Meter</uomName><conversionToISOstandardUnit Sync="TRUE">1 Meter = 1 Meter(s)</conversionToISOstandardUnit></UomLength></uom></dimResol></Dimen></axDimProps></GridSpatRep></spatRepInfo><mdDateSt Sync="TRUE">20070930</mdDateSt></metadata>
