<PAMDataset>
  <PAMRasterBand band="1">
    <Description>Layer_1</Description>
    <Metadata>
      <MDI key="LAYER_TYPE">athematic</MDI>
      <MDI key="STATISTICS_COVARIANCES">11.63224715448147</MDI>
      <MDI key="STATISTICS_EXCLUDEDVALUES"></MDI>
      <MDI key="STATISTICS_MAXIMUM">30.959999084473</MDI>
      <MDI key="STATISTICS_MEAN">24.23495401526</MDI>
      <MDI key="STATISTICS_MINIMUM">17.860486984253</MDI>
      <MDI key="STATISTICS_SKIPFACTORX">1</MDI>
      <MDI key="STATISTICS_SKIPFACTORY">1</MDI>
      <MDI key="STATISTICS_STDDEV">3.4106080329586</MDI>
    </Metadata>
  </PAMRasterBand>
</PAMDataset>
