<?xml version="1.0" encoding="UTF-8"?>
<metadata xml:lang="en"><Esri><CreaDate>20190306</CreaDate><CreaTime>11305500</CreaTime><ArcGISFormat>1.0</ArcGISFormat><SyncOnce>TRUE</SyncOnce><DataProperties><lineage><Process ToolSource="c:\program files (x86)\arcgis\desktop10.3\ArcToolbox\Toolboxes\Spatial Analyst Tools.tbx\Idw" Date="20190306" Time="113055">Idw XYspatialPointSample2 CO2 "C:\Users\James_Heiss\OneDrive - University of Massachusetts Lowell - UMass Lowell\Teaching\ENVI3010_S19 GIS in Earth and Environmental Science\in_class_exercise5_inClass363_02_2SpatialPointSample_5interp\forLecture\interpolation.mdb\IDW_5" 0.064 2 "VARIABLE 5" #</Process></lineage></DataProperties></Esri></metadata>
