<PAMDataset>
  <PAMRasterBand band="1">
    <Description>Layer_1</Description>
    <Histograms>
      <HistItem>
        <HistMin>17.860000610352</HistMin>
        <HistMax>30.959999084473</HistMax>
        <BucketCount>256</BucketCount>
        <IncludeOutOfRange>1</IncludeOutOfRange>
        <Approximate>0</Approximate>
        <HistCounts>1566|0|0|0|0|0|0|0|0|0|0|3072|0|0|0|0|0|0|0|0|0|0|0|0|0|0|0|0|0|0|0|0|0|799|0|0|0|0|0|0|0|0|0|0|0|0|0|2205|1|8|11|16|14|17|18|18|18|21|1582|23|23|19|26|26|19|30|29|30|29|33|29|28|31|24|1592|27|21|23|22|21|20|20|1142|19|3106|90|109|127|97|67|9|0|835|1566|1566|0|0|1|3075|8|12|1893|26|27|28|24|29|28|33|30|32|33|35|35|34|40|38|36|32|38|36|34|27|40|37|25|38|30|32|35|26|39|24|25|25|17|30|18|24|955|24|30|21|27|18|25|24|32|23|21|11|31|35|18|16|20|16|23|17|1587|10|16|8|12|20|12|10|10|12|12|16|10|10|10|10|14|12|6|12|12|12|10|1576|10|10|12|12|517|14|10|8|14|10|10|10|12|12|3080|14|14|1866|0|0|0|0|0|0|0|0|0|0|0|0|0|0|0|0|0|0|0|0|0|0|0|0|799|0|0|0|0|0|1566|0|0|0|0|0|0|0|0|1566|0|0|0|0|0|0|0|0|1566|0|0|0|0|799|0</HistCounts>
      </HistItem>
    </Histograms>
    <Metadata>
      <MDI key="LAYER_TYPE">athematic</MDI>
      <MDI key="STATISTICS_COVARIANCES">14.3256095534954</MDI>
      <MDI key="STATISTICS_EXCLUDEDVALUES"></MDI>
      <MDI key="STATISTICS_MAXIMUM">30.959999084473</MDI>
      <MDI key="STATISTICS_MEAN">24.098880625446</MDI>
      <MDI key="STATISTICS_MEDIAN">0</MDI>
      <MDI key="STATISTICS_MINIMUM">17.860000610352</MDI>
      <MDI key="STATISTICS_MODE">0</MDI>
      <MDI key="STATISTICS_SKIPFACTORX">1</MDI>
      <MDI key="STATISTICS_SKIPFACTORY">1</MDI>
      <MDI key="STATISTICS_STDDEV">3.7849186983997</MDI>
    </Metadata>
  </PAMRasterBand>
</PAMDataset>
