<PAMDataset>
  <PAMRasterBand band="1">
    <Description>Layer_1</Description>
    <Metadata>
      <MDI key="LAYER_TYPE">athematic</MDI>
      <MDI key="STATISTICS_COVARIANCES">14.96608651384179</MDI>
      <MDI key="STATISTICS_EXCLUDEDVALUES"></MDI>
      <MDI key="STATISTICS_MAXIMUM">30.959999084473</MDI>
      <MDI key="STATISTICS_MEAN">24.233132755985</MDI>
      <MDI key="STATISTICS_MINIMUM">17.860000610352</MDI>
      <MDI key="STATISTICS_SKIPFACTORX">1</MDI>
      <MDI key="STATISTICS_SKIPFACTORY">1</MDI>
      <MDI key="STATISTICS_STDDEV">3.8686026564952</MDI>
    </Metadata>
  </PAMRasterBand>
</PAMDataset>
