<PAMDataset>
  <PAMRasterBand band="1">
    <Description>Layer_1</Description>
    <Metadata>
      <MDI key="LAYER_TYPE">athematic</MDI>
      <MDI key="STATISTICS_COVARIANCES">12.13318012802567</MDI>
      <MDI key="STATISTICS_EXCLUDEDVALUES"></MDI>
      <MDI key="STATISTICS_MAXIMUM">30.959999084473</MDI>
      <MDI key="STATISTICS_MEAN">24.247809070312</MDI>
      <MDI key="STATISTICS_MINIMUM">17.888093948364</MDI>
      <MDI key="STATISTICS_SKIPFACTORX">1</MDI>
      <MDI key="STATISTICS_SKIPFACTORY">1</MDI>
      <MDI key="STATISTICS_STDDEV">3.4832714691832</MDI>
    </Metadata>
  </PAMRasterBand>
</PAMDataset>
