<?xml version="1.0" encoding="UTF-8"?>
<metadata xml:lang="en"><Esri><CreaDate>20190306</CreaDate><CreaTime>11315100</CreaTime><ArcGISFormat>1.0</ArcGISFormat><SyncOnce>TRUE</SyncOnce><DataProperties><lineage><Process ToolSource="c:\program files (x86)\arcgis\desktop10.3\ArcToolbox\Toolboxes\Spatial Analyst Tools.tbx\NaturalNeighbor" Date="20190306" Time="113151">NaturalNeighbor XYspatialPointSample2 CO2 "C:\Users\James_Heiss\OneDrive - University of Massachusetts Lowell - UMass Lowell\Teaching\ENVI3010_S19 GIS in Earth and Environmental Science\in_class_exercise5_inClass363_02_2SpatialPointSample_5interp\forLecture\interpolation.mdb\natural_neighbor" 0.064</Process></lineage></DataProperties></Esri></metadata>
