<PAMDataset>
  <PAMRasterBand band="1">
    <Description>Layer_1</Description>
    <Metadata>
      <MDI key="LAYER_TYPE">athematic</MDI>
      <MDI key="STATISTICS_COVARIANCES">13.35450924180377</MDI>
      <MDI key="STATISTICS_EXCLUDEDVALUES"></MDI>
      <MDI key="STATISTICS_MAXIMUM">30.959999084473</MDI>
      <MDI key="STATISTICS_MEAN">24.233343943174</MDI>
      <MDI key="STATISTICS_MINIMUM">17.860111236572</MDI>
      <MDI key="STATISTICS_SKIPFACTORX">1</MDI>
      <MDI key="STATISTICS_SKIPFACTORY">1</MDI>
      <MDI key="STATISTICS_STDDEV">3.6543821970073</MDI>
    </Metadata>
  </PAMRasterBand>
</PAMDataset>
